Field Name,Value
ACORD_CurrentDate,
ACORD_AgencyName,
ACORD_CarrierName,
ACORD_NAICCode,
ACORD_ProgramName,
ACORD_ProgramCode,
ACORD_PolicyNumber,
ACORD_ProducerContact,
ACORD_ProducerPhoneNumber,
ACORD_UnderwriterOffice,
ACORD_ProducerFaxNumber,
ACORD_ProducerEmailAddress,
ACORD_ProducerCode,
ACORD_ProducerSubCode,
ACORD_Transaction_Time,
ACORD_Policy_EffectiveDate,
ACORD_Policy_PaymentPlan,
ACORD_Policy_PaymentMethod,
ACORD_Policy_Audit,
ACORD_Policy_DepositAmount,
ACORD_Policy_Insured1_GLCode,
ACORD_Policy_Insured1_SIC,
ACORD_Policy_Insured1_NAICS,
ACORD_Policy_Insured1_FEINSSN,
ACORD_Policy_Insured1_Type_NumberofMembers,
ACORD_Policy_Insured2_GLCode,
ACORD_Policy_Insured2_SIC,
ACORD_Policy_Insured2_NAICS,
ACORD_Policy_Insured2_FEINSSN,
ACORD_Policy_Insured2_Type_NumberOfMembers,
ACORD_Policy_Insured3_GLCode,
ACORD_Policy_Insured3_SIC,
ACORD_Policy_Insured3_NAICS,
ACORD_Policy_Insured3_FEINSSN,
ACORD_Policy_Insured3_Type_NumberofMembers,
ACORD_Underwriter,
ACORD_Transaction_Date,
ACORD_Policy_ExpirationDate,
ACORD_Policy_MinimumPremium,
ACORD_Policy_PolicyPremium,
ACORD_Policy_Insured1_Name,
ACORD_Policy_Insured1_MailingAddress,
ACORD_Policy_Insured1_PhoneNumber,
ACORD_Policy_Insured1_Website,
ACORD_Policy_Insured2_Name,
ACORD_Policy_Insured2_MailingAddress,
ACORD_Policy_Insured2_PhoneNumber,
ACORD_Policy_Insured2_Website,
ACORD_Policy_Insured3_Name,
ACORD_Policy_Insured3_MailingAddress,
ACORD_Policy_Insured3_PhoneNumber,
ACORD_Policy_Insured3_Website,
ACORD_LOB_BusinessAuto_Premium,
ACORD_AgencyCustomerID,
ACORD_Contact1_Type,
ACORD_Contact2_Type,
ACORD_Contact1_Name,
ACORD_Contact2_Name,
ACORD_Contact1_PrimaryPhoneNumber,
ACORD_Contact1_SecondaryPhoneNumber,
ACORD_Contact1_PrimaryEmailAddress,
ACORD_Contact2_PrimaryEmailAddress,
ACORD_Contact1_SecondaryEmailAddress,
ACORD_Contact2_SecondaryEmailAddress,
ACORD_NatureOfBusiness_Description,
ACORD_NatureOfOperations_OtherOperations,
ACORD_Location1_LocationNumber,
ACORD_Location1_BuildingNumber,
ACORD_Location1_Street,
ACORD_Location1_City,
ACORD_Location1_County,
ACORD_Location1_State,
ACORD_Location1_ZIP,
ACORD_Location1_Employees_FullTime,
ACORD_Location1_Employees_PartTime,
ACORD_Location1_AnnualRevenue,
ACORD_Location1_OccupiedArea,
ACORD_Location1_PublicArea,
ACORD_Location1_BuildingArea,
ACORD_Location1_Description,
ACORD_Location1_LeasedToOthers,
ACORD_Location2_LocationNumber,
ACORD_Location2_BuildingNumber,
ACORD_Location2_Street,
ACORD_Location2_City,
ACORD_Location2_County,
ACORD_Location2_State,
ACORD_Location2_ZIP,
ACORD_Location2_Employees_FullTime,
ACORD_Location2_Employees_PartTime,
ACORD_Location2_AnnualRevenue,
ACORD_Location2_OccupiedArea,
ACORD_Location2_PublicArea,
ACORD_Location2_BuildingArea,
ACORD_Location2_Description,
ACORD_Location2_LeasedToOthers,
ACORD_Location3_LocationNumber,
ACORD_Location3_BuildingNumber,
ACORD_Location3_Street,
ACORD_Location3_City,
ACORD_Location3_County,
ACORD_Location3_State,
ACORD_Location3_ZIP,
ACORD_Location3_Employees_FullTime,
ACORD_Location3_Employees_PartTime,
ACORD_Location3_AnnualRevenue,
ACORD_Location3_OccupiedArea,
ACORD_Location3_PublicArea,
ACORD_Location3_BuildingArea,
ACORD_Location3_Description,
ACORD_Location3_LeasedToOthers,
ACORD_Location4_LocationNumber,
ACORD_Location4_BuildingNumber,
ACORD_Location4_Street,
ACORD_Location4_City,
ACORD_Location4_County,
ACORD_Location4_State,
ACORD_Location4_ZIP,
ACORD_Location4_Employees_FullTime,
ACORD_Location4_Employees_PartTime,
ACORD_Location4_AnnualRevenue,
ACORD_Location4_OccupiedArea,
ACORD_Location4_PublicArea,
ACORD_Location4_BuildingArea,
ACORD_Location4_Description,
ACORD_Location4_LeasedToOthers,
ACORD_NatureOfBusiness_StartDate,
ACORD_NatureOfBusiness_InstallationPercentage,
ACORD_NatureOfBusiness_OffPremisesInstallation,
ACORD_NatureOfBusiness_RetailPercentage,
ACORD_125_Interest_1_NameAddress,
ACORD_125_Interest_1_ReferenceNumber,
ACORD_125_Interest_1_EndDate,
ACORD_125_Interest_1_LienAmount,
ACORD_125_Interest_1_PhoneNumber,
ACORD_125_Interest_1_FaxNumber,
ACORD_125_Interest_1_ReasonForInterest,
ACORD_125_Interest_1_EmailAddress,
ACORD_125_Interest_1_OtherDesc,
ACORD_General_Subsidiary_Parent,
ACORD_General_Subsidiary_Relationship,
ACORD_General_Subsidiary_OwnershipPercentage,
ACORD_General_Parent_SubsidaryName,
ACORD_General_Parent_Relationship,
ACORD_General_Parent_OwnershipPercentage,
ACORD_General_OtherInsurance_1_LOB,
ACORD_General_OtherInsurance_1_PolicyNumber,
ACORD_General_OtherInsurance_3_LOB,
ACORD_General_OtherInsurance_3_PolicyNumber,
ACORD_General_OtherInsurance_2_LOB,
ACORD_General_OtherInsurance_2_PolicyNumber,
ACORD_General_OtherInsurance_4_LOB,
ACORD_General_OtherInsurance_4_PolicyNumber,
ACORD_General_NegativeFinancialAction_1_OccurenceDate,
ACORD_General_NegativeFinancialAction_1_Explanation,
ACORD_General_NegativeFinancialAction_1_Resolution,
ACORD_General_NegativeFinancialAction_1_ResolutionDate,
ACORD_General_NegativeFinancialAction_2_OccurenceDate,
ACORD_General_NegativeFinancialAction_2_Explanation,
ACORD_General_NegativeFinancialAction_2_Resolution,
ACORD_General_NegativeFinancialAction_2_ResolutionDate,
ACORD_General_JudgementLien_1_OccurenceDate,
ACORD_General_JudgementLien_1_Explanation,
ACORD_General_JudgementLien_1_Resolution,
ACORD_General_JudgementLien_1_ResolutionDate,
ACORD_General_JudgementLien_2_OccurenceDate,
ACORD_General_JudgementLien_2_Explanation,
ACORD_General_JudgementLien_2_Resolution,
ACORD_General_JudgementLien_2_ResolutionDate,
ACORD_General_Remarks,
ACORD_PriorCarrier_1_AutoYear,
ACORD_PriorCarrier_1_AutoCarrier,
ACORD_PriorCarrier_1_AutoPolicyNumber,
ACORD_PriorCarrier_1_AutoEffectiveDate,
ACORD_PriorCarrier_1_AutoExpirationDate,
ACORD_General_Exposure_Description,
ACORD_General_CoverageTerminated_ConditionCorrected_Description,
ACORD_General_PastAllegations_Description,
ACORD_General_IndictedOrConvicted_Description,
ACORD_General_SafetyViolations_1_OccurenceDate,
ACORD_General_SafetyViolations_1_Explanation,
ACORD_General_SafetyViolations_1_Resolution,
ACORD_General_SafetyViolations_1_ResolutionDate,
ACORD_General_SafetyViolations_2_OccurenceDate,
ACORD_General_SafetyViolations_2_Explanation,
ACORD_General_SafetyViolations_2_Resolution,
ACORD_General_SafetyViolations_2_ResolutionDate,
ACORD_General_Trust_Name,
ACORD_General_OtherVentures_Description,
ACORD_General_PossessDrones_Description,
ACORD_General_HireDrones_Description,
ACORD_PriorCarrier_1_AutoPremium,
ACORD_General_Safety_Other_Text,
ACORD_PriorCarrier_2_AutoYear,
ACORD_PriorCarrier_2_AutoCarrier,
ACORD_PriorCarrier_2_AutoPolicyNumber,
ACORD_PriorCarrier_2_AutoEffectiveDate,
ACORD_PriorCarrier_2_AutoExpirationDate,
ACORD_PriorCarrier_3_AutoYear,
ACORD_PriorCarrier_3_AutoCarrier,
ACORD_PriorCarrier_3_AutoPolicyNumber,
ACORD_PriorCarrier_3_AutoEffectiveDate,
ACORD_PriorCarrier_3_AutoExpirationDate,
ACORD_LossHistory_NumberOfYears,
ACORD_LossHistory_TotalLosses,
ACORD_LossHistory_1_Description,
ACORD_LossHistory_1_DateOfClaim,
ACORD_LossHistory_1_AmountPaid,
ACORD_LossHistory_1_AmountReserved,
ACORD_LossHistory_1_Subrogation,
ACORD_LossHistory_1_ClaimOpen,
ACORD_Signatures_Producer_Signature,
ACORD_Signatures_Producer_Name,
ACORD_Signatures_Producer_LicenseNumber,
ACORD_Signatures_Applicant_Signature,
ACORD_Signatures_Applicant_Date,
ACORD_Signatures_Producer_NationalNumber,
ACORD_PriorCarrier_2_AutoPremium,
ACORD_PriorCarrier_3_AutoPremium,
ACORD_LossHistory_1_OccurenceDate,
ACORD_LossHistory_1_LOB,
ACORD_LossHistory_2_Description,
ACORD_LossHistory_2_DateOfClaim,
ACORD_LossHistory_2_AmountPaid,
ACORD_LossHistory_2_AmountReserved,
ACORD_LossHistory_2_Subrogation,
ACORD_LossHistory_2_ClaimOpen,
ACORD_LossHistory_2_OccurenceDate,
ACORD_LossHistory_3_Description,
ACORD_LossHistory_3_DateOfClaim,
ACORD_LossHistory_3_AmountPaid,
ACORD_LossHistory_3_AmountReserved,
ACORD_LossHistory_3_Subrogation,
ACORD_LossHistory_3_ClaimOpen,
ACORD_LossHistory_3_OccurenceDate,
ACORD_LossHistory_2_LOB,
ACORD_Signatures_Applicant_Initials,
GeneralLiability_OtherCoverageDescription_A,
GeneralLiability_PropertyDamage_DeductibleAmount_A,
GeneralLiability_BodilyInjury_DeductibleAmount_A,
GeneralLiability_OtherDeductibleDescription_A,
GeneralLiability_OtherDeductibleAmount_A,
GeneralLiability_GeneralAggregate_LimitAmount_A,
GeneralLiability_GeneralAggregate_LimitAppliesToCode_A,
GeneralLiability_ProductsAndCompletedOperations_AggregateLimitAmount_A,
GeneralLiability_PersonalAndAdvertisingInjury_LimitAmount_A,
GeneralLiability_EachOccurrence_LimitAmount_A,
GeneralLiability_FireDamageRentedPremises_EachOccurrenceLimitAmount_A,
GeneralLiability_MedicalExpense_EachPersonLimitAmount_A,
GeneralLiability_EmployeeBenefits_LimitAmount_A,
GeneralLiability_OtherCoverageLimitDescription_A,
GeneralLiability_OtherCoverageLimitAmount_A,
GeneralLiability_PremisesOperations_PremiumAmount_A,
GeneralLiability_Products_PremiumAmount_A,
GeneralLiability_OtherCoveragePremiumAmount_A,
GeneralLiabilityLineOfBusiness_TotalPremiumAmount_A,
GeneralLiabilityLineOfBusiness_RemarkText_A,
GeneralLiability_Hazard_LocationProducerIdentifier_A,
GeneralLiability_Hazard_HazardProducerIdentifier_A,
GeneralLiability_Hazard_ClassCode_A,
GeneralLiability_Hazard_PremiumBasisCode_A,
GeneralLiability_Hazard_Exposure_A,
GeneralLiability_Hazard_TerritoryCode_A,
GeneralLiability_Hazard_PremisesOperationsRate_A,
GeneralLiability_Hazard_ProductsRate_A,
GeneralLiability_Hazard_PremisesOperationsPremiumAmount_A,
GeneralLiability_Hazard_ProductsPremiumAmount_A,
GeneralLiability_Hazard_Classification_A,
GeneralLiability_Hazard_LocationProducerIdentifier_B,
GeneralLiability_Hazard_HazardProducerIdentifier_B,
GeneralLiability_Hazard_ClassCode_B,
GeneralLiability_Hazard_PremiumBasisCode_B,
GeneralLiability_Hazard_Exposure_B,
GeneralLiability_Hazard_TerritoryCode_B,
GeneralLiability_Hazard_PremisesOperationsRate_B,
GeneralLiability_Hazard_ProductsRate_B,
GeneralLiability_Hazard_PremisesOperationsPremiumAmount_B,
GeneralLiability_Hazard_ProductsPremiumAmount_B,
GeneralLiability_Hazard_Classification_B,
GeneralLiability_Hazard_LocationProducerIdentifier_C,
GeneralLiability_Hazard_HazardProducerIdentifier_C,
GeneralLiability_Hazard_ClassCode_C,
GeneralLiability_Hazard_PremiumBasisCode_C,
GeneralLiability_Hazard_Exposure_C,
GeneralLiability_Hazard_TerritoryCode_C,
GeneralLiability_Hazard_PremisesOperationsRate_C,
GeneralLiability_Hazard_ProductsRate_C,
GeneralLiability_Hazard_PremisesOperationsPremiumAmount_C,
GeneralLiability_Hazard_ProductsPremiumAmount_C,
GeneralLiability_Hazard_Classification_C,
GeneralLiability_ClaimsMade_ProposedRetroactiveDate_A,
GeneralLiability_ClaimsMade_UninterruptedCoverageEntryDate_A,
GeneralLiabilityLineOfBusiness_Question_AAHCode_A,
GeneralLiabilityLineOfBusiness_AnyProductWorkAccidentLocationExcludedUninsuredPreviousCoverageExplanation_A,
GeneralLiabilityLineOfBusiness_Question_AAICode_A,
GeneralLiabilityLineOfBusiness_TailCoveragePurchasedPreviousPolicyExplanation_A,
GeneralLiability_EmployeeBenefits_PerClaimDeductibleAmount_A,
GeneralLiability_EmployeeBenefits_EmployeeCount_A,
GeneralLiability_EmployeeBenefits_EmployeeCoveredCount_A,
GeneralLiability_EmployeeBenefits_RetroactiveDate_A,
Producer_CustomerIdentifier_A,
Contractors_Question_AABCode_A,
GeneralLiabilityLineOfBusiness_ApplicantDrawPlansForOthersExplanation_A,
Contractors_Question_AAICode_A,
GeneralLiabilityLineOfBusiness_OperationsIncludeBlastingExplanation_A,
Contractors_Question_AACCode_A,
GeneralLiabilityLineOfBusiness_OperationsIncludeEvacuationExplanation_A,
Contractors_Question_ABBCode_A,
GeneralLiabilityLineOfBusiness_SubcontractorsCarryLowerLimitsExplanation_A,
Contractors_Question_AADCode_A,
GeneralLiabilityLineOfBusiness_SubcontractorsWorksWithoutCertificatesOfInsuranceExplanation_A,
Contractors_Question_AAECode_A,
GeneralLiabilityLineOfBusiness_ApplicantLeaseEquipmentToOthersExplanation_A,
Contractors_SubcontractorsPaidAmount_A,
Contractors_WorkSubcontractedPercent_A,
Contractors_FullTimeEmployeeCount_A,
Contractors_PartTimeEmployeeCount_A,
GeneralLiabilityLineOfBusiness_TypeOfWorkSubcontractedDescription_A,
ProductAndCompletedOperations_ProductName_A,
ProductAndCompletedOperations_AnnualGrossSalesAmount_A,
ProductAndCompletedOperations_UnitCount_A,
ProductAndCompletedOperations_InMarketMonthCount_A,
ProductAndCompletedOperations_ExpectedLifeMonthCount_A,
ProductAndCompletedOperations_IntendedUse_A,
ProductAndCompletedOperations_PrincipalComponents_A,
ProductAndCompletedOperations_ProductName_B,
ProductAndCompletedOperations_AnnualGrossSalesAmount_B,
ProductAndCompletedOperations_UnitCount_B,
ProductAndCompletedOperations_InMarketMonthCount_B,
ProductAndCompletedOperations_ExpectedLifeMonthCount_B,
ProductAndCompletedOperations_IntendedUse_B,
ProductAndCompletedOperations_PrincipalComponents_B,
ProductAndCompletedOperations_ProductName_C,
ProductAndCompletedOperations_AnnualGrossSalesAmount_C,
ProductAndCompletedOperations_UnitCount_C,
ProductAndCompletedOperations_InMarketMonthCount_C,
ProductAndCompletedOperations_ExpectedLifeMonthCount_C,
ProductAndCompletedOperations_IntendedUse_C,
ProductAndCompletedOperations_PrincipalComponents_C,
GeneralLiabilityLineOfBusiness_Question_AAJCode_A,
GeneralLiabilityLineOfBusiness_ApplicantInstallServiceProductsExplanation_A,
GeneralLiabilityLineOfBusiness_Question_ABACode_A,
GeneralLiabilityLineOfBusiness_Question_ABBCode_A,
GeneralLiabilityLineOfBusiness_ResearchDevelopmentConductedNewProductsPlannedExplanation_A,
GeneralLiabilityLineOfBusiness_Question_ABCCode_A,
GeneralLiabilityLineOfBusiness_GuaranteesWarrantiesHoldHarmlessExplanation_A,
GeneralLiabilityLineOfBusiness_Question_ABDCode_A,
GeneralLiabilityLineOfBusiness_ProductsRelatedToAircraftIndustryExplanation_A,
GeneralLiabilityLineOfBusiness_Question_ABECode_A,
GeneralLiabilityLineOfBusiness_ProductsRecalledDiscontinuedExplanation_A,
GeneralLiabilityLineOfBusiness_Question_ABFCode_A,
GeneralLiabilityLineOfBusiness_ProductsOfOthersSoldUnderApplicantLabelExplanation_A,
GeneralLiabilityLineOfBusiness_Question_ABGCode_A,
GeneralLiabilityLineOfBusiness_ProductsUnderLabelOfOthersExplanation_A,
GeneralLiabilityLineOfBusiness_Question_ABHCode_A,
GeneralLiabilityLineOfBusiness_VendorCoverageRequiredExplanation_A,
GeneralLiabilityLineOfBusiness_Question_ABICode_A,
GeneralLiabilityLineOfBusiness_NamedInsuredSellToOtherNamedInsuredExplanation_R,
AdditionalInterest_Item_ScheduledItemClassCode_A,
GeneralLiabilityLineOfBusiness_Question_ABJCode_A,
GeneralLiabilityLineOfBusiness_AnyMedicalFacilitiesProvidedMedicalProfessionalsEmployedExplanation_A,
GeneralLiabilityLineOfBusiness_Question_ACACode_A,
GeneralLiabilityLineOfBusiness_AnyExposureRadioactiveMaterialsExplanation_A,
GeneralLiabilityLineOfBusiness_Question_ACJCode_A,
GeneralLiabilityLineOfBusiness_OperationsInvolveStoringDisposingTransportingHazardousMaterialExplanation_A,
GeneralLiabilityLineOfBusiness_Question_ACBCode_A,
GeneralLiabilityLineOfBusiness_AnyListedOperationsSoldAcquiredLastFiveYearsExplanation_A,
GeneralLiabilityLineOfBusiness_Question_ACCCode_A,
GeneralLiabilityLineOfBusiness_MachineryOrEquipmentLoanedRentedOthersExplanation_A,
PropertyItem_ItemDetail_InstructionGivenCode_A,
GeneralLiabilityLineOfBusiness_MachineryOrEquipmentLoanedRentedOthersExplanation_B,
PropertyItem_ItemDetail_InstructionGivenCode_B,
Contractors_Question_AAHCode_A,
GeneralLiabilityLineOfBusiness_WatercraftDocksFloatsOwnedHiredLeasedExplanation_A,
GeneralLiabilityLineOfBusiness_Question_ACDCode_A,
GeneralLiabilityLineOfBusiness_AnyParkingFacilitiesOwnedRentedExplanation_A,
GeneralLiabilityLineOfBusiness_Question_KAGCode_A,
GeneralLiabilityLineOfBusiness_FeeChargedForParkingExplanation_A,
GeneralLiabilityLineOfBusiness_Question_ACECode_A,
GeneralLiabilityLineOfBusiness_RecreationalFacilitiesProvidedExplanation_A,
GeneralLiabilityLineOfBusiness_Question_KAACode_A,
BuildingOccupancy_ApartmentCount_A,
BuildingOccupancy_ApartmentArea_A,
GeneralLiability_Otherlodgingoperationsdescription_A,
GeneralLiabilityLineOfBusiness_Question_KAHCode_A,
GeneralLiabilityLineOfBusiness_Question_ACFCode_A,
GeneralLiabilityLineOfBusiness_SportingOrSocialEventsSponsoredExplanation_A,
GeneralLiabilityLineOfBusiness_Question_KABCode_A,
AthleticTeam_SportDescription_A,
AthleticTeam_ContactSportCode_A,
AthleticTeam_SponsorshipExtentDescription_A,
AthleticTeam_SportDescription_B,
AthleticTeam_ContactSportCode_B,
AthleticTeam_SponsorshipExtentDescription_B,
GeneralLiabilityLineOfBusiness_Question_ACGCode_A,
GeneralLiabilityLineOfBusiness_StructuralAlterationsContemplatedExplanation_A,
GeneralLiabilityLineOfBusiness_Question_ACHCode_A,
GeneralLiabilityLineOfBusiness_DemolitionExposureContemplatedExplanation_A,
GeneralLiabilityLineOfBusiness_Question_AABCode_A,
GeneralLiabilityLineOfBusiness_ApplicantActiveJointVenturesExplanation_A,
GeneralLiabilityLineOfBusiness_Question_AACCode_A,
AdditionalInterest_WorkersCompensationCarriedCode_A,
AdditionalInterest_FullName_C,
AdditionalInterest_WorkersCompensationCarriedCode_B,
AdditionalInterest_FullName_D,
AdditionalInterest_WorkersCompensationCarriedCode_C,
AdditionalInterest_FullName_E,
AdditionalInterest_WorkersCompensationCarriedCode_D,
GeneralLiabilityLineOfBusiness_Question_AADCode_A,
GeneralLiabilityLineOfBusiness_LabourInterchangeOtherBusinessSubsidiariesExplanation_A,
GeneralLiabilityLineOfBusiness_Question_AAECode_A,
GeneralLiabilityLineOfBusiness_DayCareFacilitiesOperatedExplanation_A,
GeneralLiabilityLineOfBusiness_Question_AAFCode_A,
GeneralLiabilityLineOfBusiness_CrimesOccurredOrAttemptedLastThreeYearsExplanation_A,
Contractors_Question_AAGCode_A,
GeneralLiabilityLineOfBusiness_FormalSafetySecurityPolicyInEffectExplanation_A,
GeneralLiabilityLineOfBusiness_Question_AAGCode_A,
GeneralLiabilityLineOfBusiness_BusinessPromotionalLiteratureSafetyRepresentationsExplanation_A,
GeneralLiabilityLineOfBusiness_RemarkText_B,
Form_EditionIdentifier_A,ACORD 0126 2016-09 Acroform
Form_CompletionDate_A,
Producer_FullName_A,
Policy_PolicyNumberIdentifier_A,
Policy_EffectiveDate_A,
Insurer_FullName_A,
Insurer_NAICCode_A,
NamedInsured_FullName_A,
CommercialProperty_Summary_BlanketNumberIdentifier_A,
CommercialProperty_Summary_BlanketLimitAmount_A,
CommercialCoverage_Summary_BlanketTypeDescription_A,
CommercialProperty_Summary_BlanketNumberIdentifier_B,
CommercialProperty_Summary_BlanketLimitAmount_B,
CommercialCoverage_Summary_BlanketTypeDescription_B,
CommercialProperty_Summary_BlanketNumberIdentifier_C,
CommercialProperty_Summary_BlanketLimitAmount_C,
CommercialCoverage_Summary_BlanketTypeDescription_C,
CommercialProperty_Summary_BlanketNumberIdentifier_D,
CommercialProperty_Summary_BlanketLimitAmount_D,
CommercialCoverage_Summary_BlanketTypeDescription_D,
CommercialStructure_Location_ProducerIdentifier_A,
CommercialStructure_PhysicalAddress_LineOne_A,
CommercialStructure_Building_ProducerIdentifier_A,
CommercialStructure_Building_SublocationDescription_A,
CommercialProperty_Premises_SubjectOfInsuranceCode_A,
CommercialProperty_Premises_LimitAmount_A,
CommercialProperty_Premises_CoinsurancePercent_A,
CommercialProperty_Premises_ValuationCode_A,
CommercialProperty_Premises_CauseOfLossCode_A,
CommercialProperty_Premises_InflationGuardPercent_A,
CommercialProperty_Premises_DeductibleAmount_A,
CommercialProperty_Premises_DeductibleTypeCode_A,
CommercialProperty_Premises_BlanketNumber_A,
CommercialProperty_Premises_FormsAndConditions_A,
CommercialProperty_Premises_SubjectOfInsuranceCode_B,
CommercialProperty_Premises_LimitAmount_B,
CommercialProperty_Premises_CoinsurancePercent_B,
CommercialProperty_Premises_ValuationCode_B,
CommercialProperty_Premises_CauseOfLossCode_B,
CommercialProperty_Premises_InflationGuardPercent_B,
CommercialProperty_Premises_DeductibleAmount_B,
CommercialProperty_Premises_DeductibleTypeCode_B,
CommercialProperty_Premises_BlanketNumber_B,
CommercialProperty_Premises_FormsAndConditions_B,
CommercialProperty_Premises_SubjectOfInsuranceCode_C,
CommercialProperty_Premises_LimitAmount_C,
CommercialProperty_Premises_CoinsurancePercent_C,
CommercialProperty_Premises_ValuationCode_C,
CommercialProperty_Premises_CauseOfLossCode_C,
CommercialProperty_Premises_InflationGuardPercent_C,
CommercialProperty_Premises_DeductibleAmount_C,
CommercialProperty_Premises_DeductibleTypeCode_C,
CommercialProperty_Premises_BlanketNumber_C,
CommercialProperty_Premises_FormsAndConditions_C,
CommercialProperty_Premises_SubjectOfInsuranceCode_D,
CommercialProperty_Premises_LimitAmount_D,
CommercialProperty_Premises_CoinsurancePercent_D,
CommercialProperty_Premises_ValuationCode_D,
CommercialProperty_Premises_CauseOfLossCode_D,
CommercialProperty_Premises_InflationGuardPercent_D,
CommercialProperty_Premises_DeductibleAmount_D,
CommercialProperty_Premises_DeductibleTypeCode_D,
CommercialProperty_Premises_BlanketNumber_D,
CommercialProperty_Premises_FormsAndConditions_D,
CommercialProperty_Premises_SubjectOfInsuranceCode_E,
CommercialProperty_Premises_LimitAmount_E,
CommercialProperty_Premises_CoinsurancePercent_E,
CommercialProperty_Premises_ValuationCode_E,
CommercialProperty_Premises_CauseOfLossCode_E,
CommercialProperty_Premises_InflationGuardPercent_E,
CommercialProperty_Premises_DeductibleAmount_E,
CommercialProperty_Premises_DeductibleTypeCode_E,
CommercialProperty_Premises_BlanketNumber_E,
CommercialProperty_Premises_FormsAndConditions_E,
CommercialProperty_Spoilage_YesNoCode_A,
CommercialProperty_Spoilage_PropertyDescription_A,
CommercialProperty_Spoilage_LimitAmount_A,
CommercialProperty_Spoilage_DeductibleAmount_A,
CommercialProperty_Spoilage_RefrigeratorMaintenanceCode_A,
CommercialProperty_Premises_OptionsDescription_A,
CommercialPropertyCoverage_SinkHoleCollapse_LimitAmount_A,
CommercialPropertyCoverage_MineSubsidence_LimitAmount_A,
Construction_OpenSidesCount_A,
CommercialProperty_Premises_RemarkText_A,
Construction_ConstructionCode_A,
BuildingFireProtection_HydrantDistanceFeetCount_A,
BuildingFireProtection_FireStationDistanceMileCount_A,
BuildingFireProtection_FireDistrictName_A,
BuildingFireProtection_FireDistrictCode_A,
BuildingFireProtection_ProtectionClassCode_A,
Construction_StoreyCount_A,
Construction_BasementCount_A,
CommercialStructure_BuiltYear_A,
Construction_BuildingArea_A,
BuildingImprovement_WiringYear_A,
BuildingImprovement_RoofingYear_A,
BuildingImprovement_PlumbingYear_A,
BuildingImprovement_HeatingYear_A,
BuildingImprovement_OtherDescription_A,
BuildingImprovement_OtherYear_A,
Construction_BuildingCodeEffectivenessGradeCode_A,
CommercialStructure_TaxCode_A,
Construction_RoofMaterialCode_A,
BuildingOccupancy_OtherOccupanciesDescription_A,
CommercialStructure_WindClass_OtherDescription_A,
BuildingFeatures_SolidFuelHeaterInstallationDate_A,
BuildingFeatures_SolidFuelHeaterManufacturerName_A,
CommercialStructure_HeatingBoilerInsuredElsewhereCode_A,
CommercialStructure_PrimaryHeat_OtherDescription_A,
CommercialStructure_HeatingBoilerInsuredElsewhereCode_B,
CommercialStructure_SecondaryHeat_OtherDescription_A,
BuildingExposure_RightDescription_A,
BuildingExposure_RightDistance_A,
BuildingExposure_LeftDescription_A,
BuildingExposure_LeftDistance_A,
BuildingExposure_FrontDescription_A,
BuildingExposure_FrontDistance_A,
BuildingExposure_RearDescription_A,
BuildingExposure_RearDistance_A,
Alarm_Burglar_AlarmDescription_A,
Alarm_Burglar_CertificateIdentifier_A,
Alarm_Burglar_CertificateExpirationDate_A,
Alarm_Burglar_InstalledAndServicedByName_A,
Alarm_Burglar_ProtectionExtentCode_A,
Alarm_Burglar_GradeCode_A,
BuildingSecurity_GuardWatchmenCount_A,
BuildingSecurity_GuardWatchmenOtherDescription_A,
BuildingFireProtection_Alarm_ProtectionDescription_A,
BuildingFireProtection_Alarm_SprinklerPercent_A,
BuildingFireProtection_Alarm_ManufacturerName_A,
AdditionalInterest_Interest_OtherDescription_A,
AdditionalInterest_InterestRank_A,
AdditionalInterest_FullName_A,
AdditionalInterest_MailingAddress_LineOne_A,
AdditionalInterest_MailingAddress_LineTwo_A,
AdditionalInterest_MailingAddress_CityName_A,
AdditionalInterest_MailingAddress_StateOrProvinceCode_A,
AdditionalInterest_MailingAddress_PostalCode_A,
AdditionalInterest_MailingAddress_CountryCode_A,
AdditionalInterest_AccountNumberIdentifier_A,
AdditionalInterest_Item_LocationProducerIdentifier_A,
AdditionalInterest_Item_BuildingProducerIdentifier_A,
AdditionalInterest_Item_OtherItemDescription_A,
AdditionalInterest_Item_ScheduledItemProducerIdentifier_A,
AdditionalInterest_ItemDescription_A,
CommercialStructure_Location_ProducerIdentifier_B,
CommercialStructure_PhysicalAddress_LineOne_B,
CommercialStructure_Building_ProducerIdentifier_B,
CommercialStructure_Building_SublocationDescription_B,
CommercialProperty_Premises_SubjectOfInsuranceCode_G,
CommercialProperty_Premises_LimitAmount_G,
CommercialProperty_Premises_CoinsurancePercent_G,
CommercialProperty_Premises_ValuationCode_G,
CommercialProperty_Premises_CauseOfLossCode_G,
CommercialProperty_Premises_InflationGuardPercent_G,
CommercialProperty_Premises_DeductibleAmount_G,
CommercialProperty_Premises_DeductibleTypeCode_G,
CommercialProperty_Premises_BlanketNumber_G,
CommercialProperty_Premises_FormsAndConditions_G,
CommercialProperty_Premises_SubjectOfInsuranceCode_H,
CommercialProperty_Premises_LimitAmount_H,
CommercialProperty_Premises_CoinsurancePercent_H,
CommercialProperty_Premises_ValuationCode_H,
CommercialProperty_Premises_CauseOfLossCode_H,
CommercialProperty_Premises_InflationGuardPercent_H,
CommercialProperty_Premises_DeductibleAmount_H,
CommercialProperty_Premises_DeductibleTypeCode_H,
CommercialProperty_Premises_BlanketNumber_H,
CommercialProperty_Premises_FormsAndConditions_H,
CommercialProperty_Premises_SubjectOfInsuranceCode_I,
CommercialProperty_Premises_LimitAmount_I,
CommercialProperty_Premises_CoinsurancePercent_I,
CommercialProperty_Premises_ValuationCode_I,
CommercialProperty_Premises_CauseOfLossCode_I,
CommercialProperty_Premises_InflationGuardPercent_I,
CommercialProperty_Premises_DeductibleAmount_I,
CommercialProperty_Premises_DeductibleTypeCode_I,
CommercialProperty_Premises_BlanketNumber_I,
CommercialProperty_Premises_FormsAndConditions_I,
CommercialProperty_Premises_SubjectOfInsuranceCode_J,
CommercialProperty_Premises_LimitAmount_J,
CommercialProperty_Premises_CoinsurancePercent_J,
CommercialProperty_Premises_ValuationCode_J,
CommercialProperty_Premises_CauseOfLossCode_J,
CommercialProperty_Premises_InflationGuardPercent_J,
CommercialProperty_Premises_DeductibleAmount_J,
CommercialProperty_Premises_DeductibleTypeCode_J,
CommercialProperty_Premises_BlanketNumber_J,
CommercialProperty_Premises_FormsAndConditions_J,
CommercialProperty_Premises_SubjectOfInsuranceCode_K,
CommercialProperty_Premises_LimitAmount_K,
CommercialProperty_Premises_CoinsurancePercent_K,
CommercialProperty_Premises_ValuationCode_K,
CommercialProperty_Premises_CauseOfLossCode_K,
CommercialProperty_Premises_InflationGuardPercent_K,
CommercialProperty_Premises_DeductibleAmount_K,
CommercialProperty_Premises_DeductibleTypeCode_K,
CommercialProperty_Premises_BlanketNumber_K,
CommercialProperty_Premises_FormsAndConditions_K,
CommercialProperty_Spoilage_YesNoCode_B,
CommercialProperty_Spoilage_PropertyDescription_B,
CommercialProperty_Spoilage_LimitAmount_B,
CommercialProperty_Spoilage_DeductibleAmount_B,
CommercialProperty_Spoilage_RefrigeratorMaintenanceCode_B,
CommercialProperty_Premises_OptionsDescription_B,
CommercialPropertyCoverage_SinkHoleCollapse_LimitAmount_B,
CommercialPropertyCoverage_MineSubsidence_LimitAmount_B,
Construction_OpenSidesCount_B,
CommercialProperty_Premises_RemarkText_C,
Construction_ConstructionCode_B,
BuildingFireProtection_HydrantDistanceFeetCount_B,
BuildingFireProtection_FireStationDistanceMileCount_B,
BuildingFireProtection_FireDistrictName_B,
BuildingFireProtection_FireDistrictCode_B,
BuildingFireProtection_ProtectionClassCode_B,
Construction_StoreyCount_B,
Construction_BasementCount_B,
CommercialStructure_BuiltYear_B,
Construction_BuildingArea_B,
BuildingImprovement_WiringYear_B,
BuildingImprovement_RoofingYear_B,
BuildingImprovement_PlumbingYear_B,
BuildingImprovement_HeatingYear_B,
BuildingImprovement_OtherDescription_B,
BuildingImprovement_OtherYear_B,
Construction_BuildingCodeEffectivenessGradeCode_B,
CommercialStructure_TaxCode_B,
Construction_RoofMaterialCode_B,
BuildingOccupancy_OtherOccupanciesDescription_B,
CommercialStructure_WindClass_OtherDescription_B,
BuildingFeatures_SolidFuelHeaterInstallationDate_B,
BuildingFeatures_SolidFuelHeaterManufacturerName_B,
CommercialStructure_HeatingBoilerInsuredElsewhereCode_C,
CommercialStructure_PrimaryHeat_OtherDescription_B,
CommercialStructure_HeatingBoilerInsuredElsewhereCode_D,
CommercialStructure_SecondaryHeat_OtherDescription_B,
BuildingExposure_RightDescription_B,
BuildingExposure_RightDistance_B,
BuildingExposure_LeftDescription_B,
BuildingExposure_LeftDistance_B,
BuildingExposure_FrontDescription_B,
BuildingExposure_FrontDistance_B,
BuildingExposure_RearDescription_B,
BuildingExposure_RearDistance_B,
Alarm_Burglar_AlarmDescription_B,
Alarm_Burglar_CertificateIdentifier_B,
Alarm_Burglar_CertificateExpirationDate_B,
Alarm_Burglar_InstalledAndServicedByName_B,
Alarm_Burglar_ProtectionExtentCode_B,
Alarm_Burglar_GradeCode_B,
BuildingSecurity_GuardWatchmenCount_B,
BuildingSecurity_GuardWatchmenOtherDescription_B,
BuildingFireProtection_Alarm_ProtectionDescription_B,
BuildingFireProtection_Alarm_SprinklerPercent_B,
BuildingFireProtection_Alarm_ManufacturerName_B,
AdditionalInterest_Interest_OtherDescription_B,
AdditionalInterest_InterestRank_B,
AdditionalInterest_FullName_B,
AdditionalInterest_MailingAddress_LineOne_B,
AdditionalInterest_MailingAddress_LineTwo_B,
AdditionalInterest_MailingAddress_CityName_B,
AdditionalInterest_MailingAddress_StateOrProvinceCode_B,
AdditionalInterest_MailingAddress_PostalCode_B,
AdditionalInterest_MailingAddress_CountryCode_B,
AdditionalInterest_AccountNumberIdentifier_B,
AdditionalInterest_Item_LocationProducerIdentifier_B,
AdditionalInterest_Item_BuildingProducerIdentifier_B,
AdditionalInterest_Item_OtherItemDescription_B,
AdditionalInterest_Item_ScheduledItemProducerIdentifier_B,
AdditionalInterest_ItemDescription_B,
CommercialPropertyLineOfBusiness_RemarkText_A,
Producer_AuthorizedRepresentative_Signature_A,
Producer_AuthorizedRepresentative_FullName_A,
Producer_StateLicenseIdentifier_A,
NamedInsured_Signature_A,
NamedInsured_SignatureDate_A,
Producer_NationalIdentifier_A,
